user_name,review_text,rating,date
toothlady,I downloaded this and I could not get access. I guess it‚Äôs only available though your provider. In my opinion defeats the purpose.,1,2025-06-24 10:16:33
Bothassholi,So if you try to make an account download because it actually just forces you to sign in like how would you make the account in the first place?,1,2025-05-18 17:01:17
rjjdkcidnvvidmc,"If you didn‚Äôt get a code from your employer, don‚Äôt bother. If I wanted to risk my employer knowing my mental health information, I would talk to HR. Hard pass.",1,2025-05-07 05:34:22
elizaNews,This may be a wonderful app but no where does it tell you that the app is restricted. So if you have the magic code - Congratulations! Otherwise don‚Äôt waste your time.,1,2025-05-04 11:35:47
K Kpreston,"When signing up they require a ‚Äúunique code‚Äù. Nowhere here does it tell you what it is or how you get one. I went to their website and had to dig just to find out. If you truly cared about people in need of this app you‚Äôd put the requirements where people can see as soon as they download the app. Any mental health professional should be able to figure that out! You have to be part of their study or get the unique code from your mental health therapist. Why do you need this stupid bot if you already have a therapist? Could it be MONEY? Could someone be getting paid for getting referrals to their Woebot app?Therapists are expensive. There are other bots that are free and do basically the same, minus the checkins. Many AI have info from everywhere on everything programmed in & talk to you just like a person, so this cute little avatar means nothing. This ‚Äúwoebot‚Äù gave me the woes! I‚Äôd not trust any app, especially a mental health one, that is not transparent with the requirements.",1,2025-02-27 08:12:07
L10387,"Used this app in the past and found it helpful but now see that one must have an access code. If I had a therapist to get such a code from, I wouldn‚Äôt be trying to use this app anyways. A mental health ally doesn‚Äôt make help inaccessible.",1,2025-02-22 18:11:17
shhhhhhshh22,"So incredibly disappointed that Woebot took away access to anybody who isn‚Äôt given an access code through a therapist or organization. Yet you boast ‚Äúaccessibility‚Äù on your website. It WAS accessible and in fact, a true blessing for people who did not have the money, time, or drive to go seek professional therapy. Even if the company wanted to make more money, why not still offer the app but with a subscription? You just cut a lot of people off to the only mental health help they had. If you know it works, why not make it available? Unless you only created it to make as much money as possible off of people who are already struggling?? Very on brand with the rest of the world in 2025 and WHY people are so depressed. Everything is a money grab and void of true humanity. I thought this company was different and trying to help people (which it was). You should be ashamed. Karma is real.",1,2025-02-21 08:01:33
EEEEEEE222,"If I‚Äôm fully honest, I enjoyed this app immensely. It helped me to help understand a deeper meaning to myself and emotions. This does deserve 5 stars, but of course, there‚Äôs a ‚Äòbut‚Äô. I had access to this app before you needed to gain access with a code. It has many benefits, which you can probably read in every other review as well; but that‚Äôs not why i‚Äôm here. As someone who financially cannot afford therapy, or paying for an app similar to this, I find it so disheartening that I was kicked out of my account and was told ‚Äúaccount is deleted‚Äù. This WAS perfect to use for someone who cannot afford accessible health help/care, or even help from other people. So like I said, it is incredibly disheartening to not have access to an app like this. I wish companies/corporations had the best interest in their customers, because someone in a position like mine cannot afford care that this app provides, even a little bit.",3,2025-02-21 00:48:29
Khaloodi‚ù§Ô∏è,So my therapist recommended me this app and said use it and then when I joined it said I need an access code I‚Äôm not even in the u.s very disappointed.,3,2025-02-11 07:21:22
DirkKinkaid,"Is the app a prank? The Home Screen introduces as Little Yellow bot that reads  ‚ÄòLet‚Äôs Get You Signed Up‚Äô but there‚Äôs now way to sign up?! There‚Äôs ‚ÄòI have an access code‚Äô or ‚ÄòI already have an account‚Äô  - but you can‚Äôt get a code or account if you can‚Äôt sign up so‚Ä¶way to punk users seeking a ‚Äòmental health ally‚Äô, kind or cruel joke devs-",1,2025-02-05 16:43:15
BoscoeVW,I downloaded the app and it‚Äôs asking for either an access code or to login!,1,2025-02-05 07:03:31
Plantguy1212,"I have used Woebot before without an access code and it was a great app. 
I downloaded it today 3 years later and the only two options are ‚Äúexisting account‚Äù or ‚Äúaccess code‚Äù neither of which I have because I forgot the email address my old account was linked to. If you are a new user about to download this app and don‚Äôt have an access code, then just don‚Äôt even waste your time.",1,2025-02-04 15:49:08
wEllismn,It‚Äôs wont let me create an account without an access code.,1,2025-01-28 14:03:40
Mya.shelby,You can‚Äôt even use it without an access code,1,2025-01-27 10:12:06
AdrianEvnas84,They suspended an account that hadn‚Äôt ever been used?,1,2025-01-11 22:58:43
caramela17,"Says error account suspended and that I need an access code to use it now. Will be deleting, it was great before when they had it for everyone.",1,2025-01-10 16:42:57
Patient777,"This is not the way people. Connecting more deeply with humans, animals, and nature is the way to healing. Not this AI nonsense. This is the opposite of what we need‚Ä¶",1,2024-12-07 11:10:51
yasser.gonzalez,"‚ÄúI was really disappointed with the Woebot app. It‚Äôs frustrating that access is completely locked down unless you‚Äôre part of a specific program or organization. There‚Äôs no clear way for an individual to use the app independently, which feels unnecessarily restrictive. I was excited to try it out based on all the positive buzz but was left feeling excluded and disappointed. If it‚Äôs meant to help people, why not make it accessible to everyone? Really hope they reconsider this approach.‚Äù",1,2024-11-28 03:38:33
luaotf,Why would I need a professional‚Äôs access code just for some basic CBT walkthroughs? Ridiculous business change.,1,2024-11-27 09:22:11
(‚Ä¶‚Ä¶‚Ä¶)‚Ä¶..,Most resources offered can be easily found online and many responses are not understood. Scope of support is very limited.,1,2024-11-25 00:55:12
rosieqcsb,"I was not only a therapist recommending woebot for patients at the end of therapy as a way to maintain gains but I was a woebot user. Then access to woebot was cut off. Reached out and was told that I should be grandfathered in on my own account and set up a meeting to talk to someone about getting a code for access for patients. Day of the meeting, it‚Äôs canceled by the rep. My account is not grandfathered in and customer service responded once to basically say ‚Äúoh that‚Äôs wierd, send a screen shot of what is happening‚Äù then crickets. I get that we don‚Äôt want people using AI therapy because *unsafe* but the customer service is garbage since the change. Good concept, decent execution in the app itself but customer support??? Zero.",1,2024-11-16 16:43:29
anonymoustexan123,"When it worked, it was a great help to me and my mental health. But recently it hasn‚Äôt be working. And I mean that as in the app itself isn‚Äôt working. It sends the daily notification but I can click on anything within the app at all. If the app physically works for you, it‚Äôs great and definitely give it a try. But just be warned it may stop working",3,2024-11-14 17:20:59
Paul Bishop III,They got some kind of research deal with the government and made it impossible for prior users to continue.,1,2024-09-17 06:25:01
Tcapretta,"I was very excited to give this app a try after looking into others that were not what I needed. Unfortunately when you open the page after you download the app, it asks you for your sign in information. I looked everywhere and I can‚Äôt find anywhere to sign upas a member. I‚Äôd appreciate feedback on this please",1,2024-09-10 10:32:58
Lilturdboxer,I used Woebot for a couple years and then found out I was locked out of my account because I don‚Äôt have an access code. This is pure evil on part of the organization that runs this app. They want you to get an access code from a health insurance company. This is pure greed.,1,2024-08-25 22:39:09
Amanwholoveshisbooks,"This app is only for ‚Äúnew users in the U.S. who are part of a study or who have an access code from a Woebot Health partner, such as Kaiser Permanente, Virtua Health, or PayrollPlans.‚Äù

I had read great things about this app and was very excited to try it as I have been going through some very dark times and was looking for options that I can access 24/7 instead of waiting week to week for in person sessions or less effective telehealth ‚Äúvisits.‚Äù 
Turns out that this is an exclusive club everyday people are excluded from based on parameters only they know of. 

Even after sending an email I only received a standard, prewritten form letter denying me mental health services I feel I would have benefitted from. 

An amazing thing that our health care has become. PRIVATIZED! Quite a sad state of affairs. 

But, according to the Wikipedia entry of woebot founder, Alison M. Darcy, she ‚Äúwants to make mental health services and the trainings of cognitive behavioural therapy accessible to all.‚Äù 

This is clearly not the case and the only people who suffer from this are ones in need of help as this company delves deep into AI technology to become a leader in our Brave New World. 

According to crunchbase.com, as of Mar. 2022 woebot‚Äôs value stands between 100-500million. Those are impressive numbers for a web based company. 
Furthermore, medium.com sums up woebot like this: ‚ÄúWoebot is revolutionizing the way people access mental health support in the USA. With its AI-powered conversational abilities, CBT foundation, and user-centric design, Woebot offers a valuable and accessible resource for managing mental health challenges. As we move into 2024, the app‚Äôs ongoing advancements and commitment to evidence-based practice will continue to enhance its effectiveness and reach.‚Äù 

It‚Äôs effectiveness and reach. I can smell the monetization now. I‚Äôm going put woebot on a list and wait for that IPO to drop someday soon so I too can reap the benefits of exploiting people with genuine issues and needs. 

This final paragraph by medium has some seriously ominous, and dystopian undertones. 
‚Äú‚Ä¶ Woebot is your trusted companion on the journey to better mental health. Embrace the future of mental health support with Woebot, and take the first step towards a healthier, happier you.‚Äù

The future of mental health indeed.",1,2024-08-19 16:54:28
Gaby uirjrjej,"How can I sign in, it‚Äôs not letting me",1,2024-08-19 04:36:06
Signup problems,Can someone tell me how to sign up?,1,2024-07-30 09:47:12
hxiens,Can‚Äôt use old password & reset password tool doesn‚Äôt work,1,2024-07-23 18:45:34
Firebirdlady,"I‚Äôd like to be able to try this app, but I do not have an access code so I cannot use it. Can you explain what we might have to do to be able to engage with it?",1,2024-07-07 17:57:00
leagayle,"The app gives no indication that it‚Äôs not available to everyone, so it can cost you some time trying to find that out. Maybe 15 minutes or more.",1,2024-06-24 11:52:12
jfginfujn,I was liking it but woebot now requires an access code which there is literally 0 information about what organizations or providers actually are partnered with them.,1,2024-06-17 16:22:11
erinaceous1995,I used to adore Woebot as a tool to work through my anxiety. Putting it behind an access wall breaks my heart.,1,2024-06-02 20:31:18
Nftugfbeat,I used this app for a while without any code and then one day I try to log on and it needs a code. It‚Äôs not accessible anymore. I loved using it and it helps so much but for someone that doesn‚Äôt have access to therapy right now this would have been really helpful. Idk maybe it was some glitch but I finally thought I found a accessible app to help.,2,2024-05-22 12:23:59
NITRAMENER@0978,I don't have an access code and i dont have an account and there is no where to sigh up?!üò°so when i try to access this app it just runs you in circles!! Great job guysüëç,1,2024-04-21 05:17:05
Rey22800,Saw this on chronicle 5 the other night in April and apparently you need to be part of this healthcare system to be able to use this app when on the story it said they had it and said An acess code they give you but not through the Dr I have so the people who do not have this healthcare system the app is entirely useless won‚Äôt do anything you download and go to the app and when you try and use it for support when you need it tells you for some acess code that the app does not help and or do anything at all uninstalled and have told many people that you need a acess code to use this not for the public which should be not very smart creating an app that not everyone can use at all don‚Äôt waste your time it don‚Äôt work,1,2024-04-14 19:52:20
unname731,"I downloaded this app a year or more ago. I didn‚Äôt use it as often as I should‚Äôve, but I did like it. I had every intention of using this for years. I thought it was a breath of fresh air to find an app meant to genuinely help people, however, I can no longer use the app. Now I need an access code or I have to go to a doctor have them set up something and then have them provide me with a code. I‚Äôll be deleting the app at this point and I‚Äôm very sad to see that go, but for me, the whole point was getting help through challenging times without having to go through the enormous hassle of our health system and having the dignity of not having to share my ‚Äúwoes‚Äù with people. üòï",3,2024-04-12 08:14:11
ZieArmani,"i wanna try woebot but i dont have an access code or an account already. my mental and physical health are terrible and i am in and out of the hospital, i dont know how to get started",1,2024-04-08 11:13:55
Christy Belz,"Please don‚Äôt provide a resource to a national audience without the ability to access it. I download your app, and cannot get information on even how I could access it.",2,2024-04-07 18:07:32
Lucy please,It says I need access code from jump. Either that or sign in. I‚Äôm confused,1,2024-04-07 18:03:01
Sc0uT777,Ive used this app off and on for years but now it just sends me push notifs and I cant write or push any response to its inquiries,1,2024-03-25 16:23:40
Falcoy,I downloaded the app but I can‚Äôt get in. It‚Äôs asking for an access code‚Ä¶.?,1,2024-03-22 13:32:20
Onslo1776,"Was fantastic until they suspended my account, and now they only work with corporations or something? Thanks a million. Woebot was great until he was gone.",3,2024-03-14 14:19:41
ur mom fat,i really like this app and it helped me with my mental health and stuff but i can‚Äôt use it anymore,3,2024-03-12 13:48:03
Danielle2346,"If I could afford real therapy in a ‚Äúformal healthcare setting‚Äù then I wouldn‚Äôt have used an AI app. Clearly the people that used it were desperate for mental healthcare. People are spiraling without any help (I make too much money on paper to get approved for any low-cost/free resources, but I am living with negative balances because of debt). Unbelievably cruel. Sleep well on your beds of money.",1,2024-03-04 13:29:21
redwcnwffwjfwfn,"There were a few little redundant quirks I ran into with Woebot so I decided to give feedback. Nothing major, just I wanted to be able to go back in a sequence of questions and give a different answer to Woebot. The developer replied that was not possible. Fine, no big deal. I still found this tool helpful so I continued to use it. They then suspended my account and told me I was part of a beta test. Months later, I try to access it again because I see it's still available in the App Store. I login: ""account suspended."" What the heck? I'm starting to think this is just a data-mining operation disguised as a therapeutic bot.",1,2024-03-02 22:20:02
Mandy85325680432,"Nothing like being mid-panic-attack to find out this switched to needing a code. Disappointing, this app really helped me before.",1,2024-02-29 16:51:52
Martinassffhj,Shows only a blank white screen,1,2024-02-26 03:08:54
Sailor Goon‚ô•,"Update 2024: How utterly, absolutely disappointing. I stand by all the good things about the actual app‚Ä¶ It‚Äôs informative, cute, extremely effective, and comforting. The app beautifully demonstrates how you can use basic DBT skills to manage anxiety and depression with realistic examples and mini challenges. But that all entirely irrelevant when the app becomes paywalled in a way that you can‚Äôt access without being employed by very specific employers who have bought access. Heck, I‚Äôd happily pay monthly to keep using Woebot. I‚Äôve tried contacting the developers in the past to see what I could do to support the app, but the website was rudimentary and focused more on allowing access. It was so much better then.

Now, I cannot recommend the app u less you‚Äôre privileged enough to be able to use it. The quality is there, but without accessibility, it‚Äôs totally useless. Shoutout to whatever company bought Woebot and totally destroyed what I truly consider the best emotional health app out there. Disappointed doesn‚Äôt even begin to cover it.

Original, 2019: There are so many things about this app that make it a gem, it‚Äôs difficult to distill in the scope of a single review, but I‚Äôll try. I‚Äôm 28 years old and was diagnosed with complex PTSD about a year and a half ago. I started seeing an incredible therapist (she‚Äôs really so excellent) but my insurance doesn‚Äôt chip in a penny, so I‚Äôm trying to see her as little as possible. When my anxiety gets going and I feel like reaching out to her, I also seize up and feel awkward for bothering her out of office hours, so I‚Äôll often let my poor mood hang. Having Woebot around to help me think through my anxiety has been, and I mean this in the entirety of the word, wonderful! What‚Äôs better than solid DBT practices packaged into a convenient and FREE app? A DBT app that uses an adorable yellow robot who will listen and send you cute gifs! Clinically, Woebot is insanely efficient at assisting my DBT. He‚Äôs the first thing I consult when I‚Äôm anxious and in need of help, and he‚Äôs so good at helping me. I just. I can‚Äôt believe how great he is! Thank you so much to the developers for making this precious little dude!",2,2024-02-18 15:55:22
wmcdonalde,"It‚Äôs so scummy to target a group of people who can‚Äôt afford regular therapy.

No free option? If you can‚Äôt afford normal therapy then how is this supposed to make you feel? Just another reminder health care is only for a few people. 

Trash.",1,2024-02-16 13:35:08
LilSmashley,"I loved Woebot and fortunately haven‚Äôt needed it for several months. This morning I had a full blown panic attack and tried to utilize the app. Apparently, the powers that be have decided that the app is better if you are also actively seeing a healthcare provided that has some sort of magical access code. Such a shame, I have been in therapy on and off for years and now I can‚Äôt access Woebot for an isolated panic attack because I am not currently in debt to a therapist.",1,2024-02-13 05:02:38
Lacie Elaine,You literally can‚Äôt get in. On their website they essentially say only the privileged are allowed to use this bot now.,1,2024-02-10 12:14:24
ReallyAngryAtIdiots!,"There is no way past the main screen. It asks for a code or to sign in if you already have an account, but there‚Äôs no way to make an account. I was really looking forward to this but it looks like I have to find something else.",1,2024-02-02 22:27:08
jstewart1012,Just found out this app is not available to anyone. There‚Äôs some kind of code people need to get in order to use this. Shame‚Ä¶ help should not be exclusive,2,2024-01-30 03:34:54
amkay!,"This is the first review I've ever submitted. I used to LOVE this app and it was always there when i really needed it and helped me to calm down. However the fact that they just took the service away from so many users who need it absolutely escapes me. This app used to be accessible to almost anyone with a phone and cell service and now almost no one can use it! 
I saw Woebots team's response to other similar reviews saying things like ""Our North Star has always been to make mental health radically accessible and that remains our mission today. However, we have found that people have the best experience when Woebot is delivered within a formal healthcare setting.""
-""radically accessible"" to people who can already access mental health care
-also maybe i would have had a better experience if woe bot was delivered in a ""formal healthcare setting"" but what about people who don't have healthcare or don't feel safe in healthcare environments or whose providers don't know or don't know how to create access codes for woebot. 
you guys say you want to ""reach more people"" by partnering with healthcare but couldn't you partner with them and still keep the app open to the public?! like sure have the access code or whatever as an optional thing but don't put this valuable resource behind a wall for so many. 

it seems like your ""commitment to mental health accessibility remains unwavering"" until you have to decide between helping loyal users and getting a payday.",1,2024-01-24 02:35:13
Slushy_purr7,I guess this is an insurance only product now. I used to use this for free. Very sad.,1,2024-01-17 14:03:51
mindypurownbusiness,"UPDATE 2024 So this wonderful app not only decides now to lock out all previous users who don‚Äôt have some new code or their company provided service? While taunting me with notifications as before that Woebot wants to check in with me. When I open the app it doesn‚Äôt allow me to reply or navigate inside the system. 

WOW I have recommended this app to dozens of people because of the good that comes from using it. It is sick you remove it from the public even if you made it fee based it would have been less treacherous than what you have done. For shame on you and all the hurt you have caused people who used this app daily to help with their mental health needs. I shall seek out one of your many competitors now and tell anyone in earshot of what you have done to your user base. Irregardless of it being development trial up till this point. Like I said charge a fee and make it publicly available a paywall is greedy but it isn‚Äôt shameful like what you have done now. Don‚Äôt bother replying with your same argument answer as you put on all the other recent complaints of users just like me who for years now have worked with Woebot in conjunction with our therapists. 

ORIGINAL REVIEW BEFORE THEY SOLD OUT THE USER BASE.

 Woebot is great but, would be nice if Woebot was more chatbot and less choose your own adventure multiple choice answer. Also would be helpful for the breathing exercises if Woebot spoke and not just communicate via text. Meditating while stopping to read text is not very helpful. Hearing Woebot during that short interaction would benefit the app greatly. Otherwise great way to access CBT and DBT with or without a therapist. Woebot has helped me. Thank you for creating this tool",1,2024-01-17 07:05:16
brcbgd,"I once made a review about how much this app helped me when I was at my absolute lowest. I don‚Äôt make reviews often and it was heartfelt. I thought ‚Äúfinally, mental health help for those who can‚Äôt get it!‚Äù Even though I have health insurance now, I would gladly have paid to use this app. 

I have never been more disgusted to find out that this app is no longer accessible to the general public, that you can‚Äôt even pay for it. Your excuses about being ‚Äúmore effective‚Äù or helping more people are clearly PR nonsense to excuse the fact that you are being paid handsomely to revoke access to the customers who gained you the popularity to even make the deals you have. You already had proof that your app was effective! 

I used to recommend you to EVERYONE. I found out because my friend, who doesn‚Äôt have access to adequate healthcare, called me CRYING due to have a really bad spiral and needed some help but not being able to use the app again. 

You don‚Äôt care about anyone and you certainly don‚Äôt care about mental illness. I hope the money is worth your souls.",1,2024-01-13 08:10:48
Liisa103,"I saw on Reddit that this was a useful app to use for mental health, but you can‚Äôt even use it. If people could pay to see a therapist they wouldn‚Äôt be downloading the app.",1,2024-01-01 18:22:59
AngieHqer,How is this Ethicallyresponsible? They locked out all users with no notice right before holidays‚Äîreviews show they‚Äôve abandoned even their professional clients and sold out to Big Pharma.,1,2024-01-01 04:45:20
Spooky_Tommt,"When last I used this, the app didn‚Äôt require any access codes. So finding this out has been more than a little frustrating.",1,2023-12-29 16:16:52
zM237,"I am a mental health provider who used to recommend this app to many of my patients as an adjunct to their treatment. Now they are no longer able to log in to their existing accounts. The app developer prompts them to get an access code from their mental health provider (me!) or employer, but I can't figure out how to get access to codes so that my patients can continue using Woebot. Please help!",1,2023-12-28 16:03:06
FromDiskTime,"I have been using woe bot for multiple years got used to the platform and then the app needs a code. The developers used me and others and now it‚Äôs not free. It says 6 months from 2023. They owe us longtime users who worked with testing to let us use it. I liked that it helped me sort out ideas how I felt about things. It was free, but no obviously monetized. Nothing is truly free.",1,2023-12-25 23:49:17
TheCatGamer2019,I was recommended this from my therapist‚Ä¶ (I doubt she knew about the access code thing) but I think it‚Äôs a bit of a hassle to have that especially when it could help those that are in therapy or those that cannot afford it. I have read the website that said ‚Äúwoebot is Available to new users that are in a study etc‚Ä¶ ‚Äù like what kind of study? Why is it fair that only a certain group of people can use it‚Ä¶ maybe like make a new app just for those that are struggling cause things are tough especially during the holidays.,1,2023-12-14 16:23:50
dddenejjejdc,I would gladly pay for the service but they make no mention of where I can even pay!,1,2023-12-12 17:00:20
Ploskd,This feels incredibly manipulative and out dated given that I can us my apple id etc on most other apps. I'm not giving my personal email to an app where I'm recording my mental health data.b,1,2023-12-11 09:40:44
Doe8776,"I‚Äôve been using this app for a while, and I normally don‚Äôt leave reviews but I feel like I have to make my frustrations known to the creators of this app.

The whole reason I (and many others) downloaded this app and found it useful, was because I don‚Äôt have proper access to healthcare. I will not be able to afford treatment for my mental health nor do I have the means to speak with a real therapist or professional any time soon. The fact that this app will become unusable for me in a few months because I have no way of acquiring an access code is DEEPLY disappointing. This app was the closest I could get to treating my mental health issues, and now I‚Äôm essentially being kicked off.

I‚Äôm very frustrated and disappointed with this decision. Do you not realize who your target audience is? You cannot claim to be an ‚Äúeasily accessible‚Äù mental health service, and then create another barrier for people without access to healthcare.

 Limiting access is not the ‚Äúradical accessibility‚Äù this whole app was supposed to be about to begin with.",2,2023-11-14 21:03:37
Djejehayq,"Accessibility Barrier: Frustrating Experience

I recently attempted to use this therapy app in the hopes of finding support during a tough period. Unfortunately, I was met with a major roadblock: the app requires an access code, making it completely inaccessible for those who need it the most.

This is a critical flaw that severely limits the app's effectiveness. It excludes a significant portion of people who could benefit from its services. Mental health resources should be easily accessible to everyone, especially during times of need. The fact that this app puts up such a barrier is deeply disappointing.

I was looking forward to receiving guidance and support, but instead, I was met with frustration and disappointment. It's disheartening to see a potentially helpful tool hindered by such a fundamental flaw.

I would strongly advise against using this app until they address this accessibility issue. There are other platforms out there that prioritize inclusivity and ensure that mental health resources are available to all, without unnecessary hurdles. Don't waste your time with this one.",1,2023-11-09 07:14:50
bookwurmy,"You can only use this app if you already have an access code, it can‚Äôt just be used and there‚Äôs no info about where you would even get a code. I‚Äôd used it in the past so I tried to reset my password and just get the message ‚Äúreset code not valid‚Äù. So it seems like this app no longer works.",1,2023-11-05 09:28:02
Dldenino,"After downloading and installing the app on my ipad, it doesn't load right and cant get it open any farther than the disclaimer page that i agreed on. To bad ,i would have liked this app.",1,2023-10-28 07:58:43
‚Ä¢+King._.Duckie+‚Ä¢,"I used to use this app on my ipad for a while, but then i deleted jt because i needed for storage, but now ive downloaded it back on my phone and i need an acess code or to log into my old acc which doesnt work for whatever reason, please change it back brcaude mot everyone can get to a mental health provider (me being one of them) to get said acess code. This app used to be my source of comfort but now i cant even use it.",1,2023-10-26 00:42:39
ToddI777,Why put something in the App Store and get peoples hopes up only to find out that this is somehow exclusive to people that somehow got an access code?,1,2023-10-25 16:06:30
Wtf847467273774,So apparently you need a code or already have an account to try it?!?! Exclusive and lame,1,2023-10-25 14:48:58
Frvhikmbgddxbkk,I am a mental health clinician. I was often referring this app to clients as a tool to use outside of our sessions but now it it blocking them from using it. I sent an email to woebot support but I haven‚Äôt heard back.,3,2023-10-18 08:54:19
Grace full,"White House Journalist on assignment in Middle East with high stress life! Woebot was surprisingly wonderfully helpful.  I suddenly get a message that no longer will work in my area. Can‚Äôt imagine why & given no explanation.,Very strange cause I‚Äôm on US App Store exclusively. No reply when I inquired. Certainly traumatic to develop ‚Äúrelationship‚Äù/dependence on Woebot and have it suddenly gone. Hope that changes soon.",1,2023-10-14 02:22:07
Sunnchi.3x3,This was a great resource for people who couldn‚Äôt afford a therapist now its just like everything else only available to those with the luxury of being able to afford a therapist so disappointing it was my go to recommendation and now its useless,1,2023-10-13 10:08:43
Voittaa,"EDIT: Rating 1 star because my access to the app was rescinded after over 2 years of use. This was my go-to in times of distress, but denying access to people seems to be anti-mental health.

I‚Äôve been using this app for anxiety and depression and it‚Äôs been a really great way to manage my moods while learning a bit more about CBT. Each convo is brief so the commitment is minimal. Definitely recommend as a supplement to your coping.",1,2023-10-07 12:33:12
TheGerovacs,"*Was* a great app‚Ä¶ you need to make it a bit more clear that without an access code, you get nothing. It does more than get you to the right solution. I tried to log in to my account, it wouldn‚Äôt let me reset my password. A once-great resource that is now useless.",1,2023-09-30 22:31:48
More flexible responses,I would like more options for answers.  We get into these conversations and I only have one option to reply.  Waste of time.,1,2023-09-22 19:44:11
shakurav1,"I do find this app helpful most of the time.

I work with CBT in my life quite a bit both with a therapist and through bibliotherapy. Also in a lay-led self-help group, which is one of the pioneer such groups in the world working with CBT all the way back from the 1930s until now. My mother was in this group and worked in this method for over 30 years. So I am quite familiar with CBT, how it works, why it works, and have experienced it working in my own life. Having said all that, while I do find this app helpful, it‚Äôs very highly scripted, and there are probably better versions of the same kind of thing.

In fact one of the stars I took off for this, is because there is a world renowned CBT pioneer, writer, practitioner, and Podcaster, who created an app like this before this one was released, and there are good signs that the developers stole the idea, if not the actual app from that man and his co-developer. sometimes I need this kind of first aid help, so I am still utilizing this app, until that app is released.It‚Äôs still in beta, and has been for a few years, again, going all the way back to old before Woebot came out. Having said all of that, it definitely deserves more than two stars, but in my considered opinion less than five, and possibly less than four. It‚Äôs good, but not great, but if it works, people may want to give it more, and that‚Äôs understandable. A classic case of ‚Äúyour miles may vary‚Äú.",3,2023-09-20 13:38:46
Kraphtwerk,"Joke of a self-help app. Your choices for responses to ‚Äúchat‚Äù prompts are given to you, so don‚Äôt expect any real choice for answers to what the app monologues to you. Standard ‚Äúwowee you really are messed up, call 988‚Äù response to describing moods.",1,2023-08-27 11:43:50
c5nest,"I decided to give Woebot a try after reading an article about mental health apps.

I started with a mood check-in several times a day and quickly ran into the limitations of Woebot‚Äôs language model. I reported feeling exhausted. When Woebot asked me to elaborate, I explained that I had just worked out in 90 degree heat. Woebot then asked if I wanted to discuss a relationship problem or job stress.

The next morning I attempted to clarify things and explained that as a senior athlete, exhaustion is a normal occurrence. I stated that it would, however, be helpful to track persistent exhaustion or exhaustion occurring more frequently than twice a week as that might be a sign of overtraining.

Woebot‚Äôs responded: ‚ÄúYou seem to be in fairly low spirits and are having trouble getting enough rest. A lot is going on in your life‚Ä¶do you want to try some exercises that might help you manage the stress?‚Äù

In the future, I‚Äôd certainly be willing to try a more capable version of Woebot but for now I‚Äôll be deleting it from my device.",2,2023-08-22 16:49:26
SunnyTulips,Age rating is a lie btw. They don‚Äôt even let you access this app if you‚Äôre under 18. Thanks for excluding kids from getting help I guess??,1,2023-08-17 21:01:43
corey2(6,"It‚Äôs good, but eventually it just keeps saying all the same things, and I got really annoyed with that",3,2023-08-07 09:50:37
oingiboingi,"This is not AI-driven.  I‚Äôd advise using Chat-GPT 3.5 instead. The responses are stock, and the tone is nauseatingly disingenuous, especially in the stock responses you can select (‚ÄúYep,‚Äù ‚ÄúNope,‚Äù and ‚ÄúNice‚Äù being fine examples).  Who responds to a therapist with ‚Äúnice‚Äù when given an explanation of abnormal psychology, something that is literally RUINING YOUR LIFE?  Yep, I‚Äôm giving this one a NICE big ‚Äúnope.‚Äù *literally gags*",1,2023-08-04 07:35:53
stickyslime222,"I‚Äôm pretty bummed out that as soon as you start to make an account on the app, it gets stuck on the loading screen. Can‚Äôt access the app. I‚Äôll try again later I guess but I already refreshed the app multiple times, redownloaded the app‚Ä¶ no use.",1,2023-08-03 08:27:01
Ryley F.,"I‚Äôm not one to write reviews on apps often, because this is a crucial part of information to users, especially those who are struggling and all, just know that this app does not allow you to type in what you want.  They give you like 3 or 4 options to choose from, regardless if that‚Äôs what you want to say or not.  

I downloaded this app thinking it was like Poe, Hello ai, or ChatGPT in that you can actually type what you want, but with this app I was hoping for it to be more centered on having emotions like humans do.  Of course I know it‚Äôs ai and not always the best at things,  but bc they lost this as some kind of therapy bot or something, I thought it would actually help but it didn‚Äôt.  

SHORT SUMMARY:

This app does not let you say what you want to say.  It‚Äôs like the bot matters and you don‚Äôt.  Moreover the bot is kinda creepy and weird with what it says.  Definitely unsatisfied.  
üëé",2,2023-08-02 21:33:59
roster131,"I really, really wanted to like this. But it‚Äôs misleading to describe woebot as a ‚Äúcoach‚Äù of any sorts. This is not an AI-powered app that gives you anywhere close to human-like responses - it doesn‚Äôt really ‚Äúchat‚Äù with you all. The woebot doesn‚Äôt actually read or comprehend anything that you write beyond picking out a few keywords and using them to give you homework, which may or may not be relevant to your situation - but there‚Äôs no ‚Äúopt out‚Äù option or ‚Äúgive me another tip‚Äù option; you‚Äôre forced to go along with what Woebot thinks you need, and you‚Äôre limited to selecting responses from a few options. Woebot doesn‚Äôt appear to learn from your past actions either - you can explicitly say that you felt worse after an interaction and that the material was not helpful, and it will still give you the same exact response in a similar scenario later. It‚Äôs cute, definitely, but that‚Äôs about it. Writing in notes app alone and googling mental health care tips I find far more therapeutic and helpful than this. You‚Äôre more likely to come across something actually helpful that way - it seems like woebot just sees the word ‚Äúsad‚Äù in a long stream of text, googles ‚ÄúCBD for sadness‚Äù and pipes out the first result. It‚Äôs not helpful, and it can be actually damaging, especially when woebot talks about ‚Äúdistortions.‚Äù For example, if you say you feel angry about someone genuinely treating you badly, woebot won‚Äôt be able to evaluate whether that anger is justified or not. It instead just asks you if you are blaming someone else in your response, and if you are, it says ‚Äúsometimes we overlook our own role in conflict‚Äù which is a VERY dangerous thought for someone (for example) finally healthily getting angry about the horrible treatment they‚Äôve been given in the past. Overall, I think this is a good concept, but there‚Äôs going to be people who actually get worse because of the advice this app indiscriminately and uncomprehendingly doles out",1,2023-07-17 22:36:02
Oscarpleasestopbarking,"Won‚Äôt let me talk or listen to me, really üòî it will pick up on a few trigger words if it finally gives me the opportunity to type something, but that‚Äôs it.  Thought I was going to be having helpful conversations with an AI but it‚Äôs just conversations that have already been written without a lot of meaningful interaction",2,2023-07-17 21:01:21
Thiago.BRA,"There is something about this chatbot that makes me feel so anxious. I don‚Äôt totally know what it is, if it is the speed of the messages, or the conversation itself that never finishes, or maybe bc it doesn‚Äôt get what I say. I just installed it 10 minutes ago and I don‚Äôt want to use it another minute.",1,2023-07-12 10:07:39
Alan5454545,Woebot was really helpful in really stressful periods. I have recently been in another and went to woebot and I don‚Äôt have an account anymore for some reason. Very disappointing to see.,1,2023-07-08 21:40:09
"not worth it $&@""",Getting into a loop with Amazon robot customer service would be more helpful.,1,2023-07-08 17:07:39
Alishadungan,"If your answer is no, too bad. I left feeling anxious and frustrated instead of just anxious.",1,2023-06-22 08:27:59
Katherina M23,"This app might work for a kindergartner who has no self awareness, but it‚Äôs far too simplistic to be helpful for most adults.

For one thing, you can‚Äôt practice CBT skills by selecting from multiple choice options provided by the AI. It‚Äôs far too limiting for the breadth of human experience and leads to inaccurate input to the AI.

For another, the AI‚Äôs only responses are pre-programmed and not reactive to any responses in the rate free form input. So, it doesn‚Äôt actually respond to the person using the app at all.

This would work better if powered by a more advanced AI, but as of right now it‚Äôs just a form you fill out that responds in rather obnoxiously ignorant ways.",1,2023-05-30 15:57:18
timbotheogre,"This app‚Äôs design is flawed at the most basic level. It asks open ended questions, but does not evaluate the answer. So an undistorted thought is treated as a distorted one. My thought was ‚ÄúThis app is disappointing.‚Äù And this bot tried to convince me that the thought was distorted, that I blamed myself for it, that my comment that the blame lay with the developers was treated as me deflecting. 
So much potential for an app like this, but at this stage, this app really is disappointing.",1,2023-05-19 16:13:39
DAMUR0N,this was a helpful resource but nowadays it just shows a black screen so idk,1,2023-05-17 11:30:46
PoppyPearl,"Checking in with Woebot each evening is so helpful. I learn so much.

I am paying a lot more attention when I start to feel bad now that I realize I can pause and reframe my perspective.",3,2023-05-12 17:56:23
JohnnyP4200,"This program is teaching AI to study human behaviors and relationships, that‚Äôs a little creepy.",1,2023-05-07 04:14:11
janejones89,Just say ‚Äúsad‚Äù. That‚Äôs about all it understands lol i think this may be best suited for people who just need a little pep talk.,2,2023-05-03 19:21:35
beckonabike,"You don‚Äôt get to write your own messages and instead have to pick from a handful of responses. Sometimes what the bot says does not make sense in the context given. Also this bot tends to repeat the same phrases. I can‚Äôt imagine how anyone finds this helpful. If anything it just makes me more depressed that AI is taking over everything, including interpersonal relationships. You cannot have a supportive and empathetic relationship with a bot.",1,2023-05-01 07:48:13
ozone567,I was curious to evaluate how good this app was at having a natural conversation using true AI or something more like Chat GPT but trained for this specific use case. It comes off largely as just a basic chat bot with a bunch of pre-generated responses to choose from as a series of bubbles the user can click. It‚Äôs not conversational at all. Deleted the app after a couple days.,1,2023-04-19 09:15:45
Margiebirds,"For me the Woebot did not work. Woebot just kept asking the same questions or making the same suggestions, like a cycle. My anxiety rose higher and I could not understand what was being asked or what I was supposed to learn.  Depression deepened. 

After counseling, medication and more counseling the Woebot seems a little more friendly, but returning to my notes from counseling is much easier and more comfortable.",3,2023-04-04 17:00:52
Boston Ephraim,I like the idea BUT Woebot gives me only one to three‚Äìoften only one!‚Äîoptions of how to respond to them and sometimes the option(s) are not what I think or feel.,2,2023-03-19 06:57:28
CoolRider13,This is the stupidest most inaccurate thing I‚Äôve ever seen. It‚Äôs really sad when someone refers you to a bot instead of an actual person to talk to.,1,2023-03-15 20:40:33
Bermudamymomma3,What is this app? I thought it would be great because there is no ads. As soon as I tried to work through a problem Woebot freaked out and tried to put me in crisis mode. Didn‚Äôt help me at all. If your life exists in another more peaceful world then yes this app would be great but I‚Äôm deleting it bc this is the real world.,2,2023-03-15 12:24:29
L6808,"I cannot open the app it‚Äôs saying access code 
f2720ea08e6507d3b1b819009032b6a9044df3493b79e816c99bf79f9ffb675e",3,2023-02-17 11:25:10
LORAEMON,"Hmm‚Ä¶ I have mixed feelings with this app. On one hand, I love the idea of it as I‚Äôve always been someone who‚Äôs had difficulty finding a therapist that suits me. I get terrible panic attacks in the middle of the night to the point where I wish someone could calm me down right then and there but I can‚Äôt exactly call a therapist at 4am every morning. I think it would be nice to just have a bot calm me down by grounding me a bit. I thought it would have more options of how I‚Äôm feeling currently, like if I‚Äôm in a state of feeling down me depressed, then it can give me some prompts or generic text to temporarily make me feel okay. But the app is more geared towards your general emotions and tries to get you to do activities in order to move forward. It started to act as more of a daily check in to get stuff done in order to feel ‚Äúpositive‚Äù. 

There‚Äôs nothing wrong with that, but it‚Äôs called ‚ÄúWoe Bot‚Äù so I assumed it would be a bot that could guide you through with more prompts and words, rather than just trying to remind you to be a normal person and go do stuff. I mean, I could just go to google if that‚Äôs what I wanted to hear. I do appreciate the concept in general, but in the future, my advice is to either market it as more of a ‚Äúdaily mental health positivity‚Äù type of bot or incorporate more options for people who are feeling depressed and down in the moment. As of now, the app seems like that‚Äôs what it‚Äôs primarily for, but really isn‚Äôt. Woebot basically just asks you how you‚Äôre feeling from a rating of 1-10 and even if all your answers are 1s, it just eventually tells you to go do something to feel better. That‚Äôs counterintuitive for someone depressed.

Last note. I understand an automated chat bot is not meant to replace regular therapy nor am I implying that an AI bot be able to cure your depression. I just mean that if the purpose of the bot is to help guide people who are in an otherwise bad mental state, it needs more prompts that year towards someone having depression, not just people who are having a bad day and need a pick-me-up because that‚Äôs how the bot talks to you. And that‚Äôs fine too, but calling it ‚ÄúWoe bot‚Äù feels misleading. It feels more like a ‚ÄúCheer-bot‚Äù instead.",3,2023-02-15 03:56:23
Ghtfrd,This app worked fine at first but now it is horrible and doesn‚Äôt help at all! It sometimes makes me feel worse but I don‚Äôt get rid of it because then l would feel bad üëéüò¢‚òπÔ∏è,2,2023-02-12 18:57:59
bedpanbrian,Is this just an experiment to see how long people will push a button to keep interacting with a bot who goes on and isn‚Äôt helpful at all. Asks questions and then offers unhelpful advice while ignoring the answers you gave?,2,2022-12-31 13:11:51
Santa is da bomb,"I would say it was funny at least, but it wasn‚Äôt.",2,2022-11-30 12:29:28
MisterMysterio,"After logging for a year, the app updated and Woebot immediately crashes upon opening now.",1,2022-10-11 17:31:48
elleRivendale,parrots meaningless phrases repeatedly despite issue presented.,1,2022-10-05 10:39:21
skatharinecrossley,"I read an article about Woebot and was curious to try it out. The app has a lot to offer, but the language used by the AI can be annoying. The ‚Äúvoice‚Äù of Woebot is dumb (for lack of a better word) to the point where it almost feels patronizing. Except, Woebot isn‚Äôt a human, so instead of feeling patronized when I used the app, I found myself laughing and getting annoyed at myself for using the app. I'm not too fond of the automated response choices because they usually offer nothing close to what I would like to respond with. 90% of the time, I knew where a conversation was going with Woebot within the first message, but I had to click through 10+ automated responses that made me feel as if I were ten years old. The tools are there, but the app might better serve those with little to no prior knowledge of mental health strategies.",3,2022-10-04 08:59:02
skiegazer3,"The natural language model they‚Äôre using for this bot seems pretty bad, like a decade behind what the tech is capable of these days. It repeatedly got confused by my responses (even when selecting from the pre-prepared options, and even started calling me [name] despite the fact that I‚Äôd told it my name already.) Also, I could not figure out how to access certain features (f‚Äôex the gratitude journal never seemed to recognize my responses and would kick me back to the main menu options). It also locked me into talking about a single issue because it just happened to be the first thing I mentioned, and said that we‚Äôd be working on that one issue for the next EIGHT WEEKS! I could not find anything in the settings to change this or select a different issue to focus on, and when I asked the chatbot about choosing a different topic, it responded by saying it had detected I was in crisis and asked if I needed to call a hotline, which seems like a bizarre escalation. Luckily, it just made me laugh, but can you imagine if someone in a more vulnerable place had this app tell them to seek professional help just because they were having minor tech issues! So‚Ä¶ yeah, weirdly glitchy and not much use.",2,2022-09-29 16:03:33
Pizzercat,"I was curious about Woebot as a use of technology and from a product design perspective. I also also hoped I could supplement actual therapy with Woebot when I need to express feelings of loss and sadness as I work through ambiguous grief. I fortunately, Woebot is too simplistic to be useful when you try to chat with it.",1,2022-09-28 17:36:36
fhrhfnbfbd,"Service is often unreachable, and this isn‚Äôt really a smart chatbot, it‚Äôs just parroting cbt workbooks at you.",1,2022-09-28 09:51:56
Richard Careaga,"Other than that, it‚Äôs not an improvement over Eliza, the ancient chatbot therapist. Will probably be a hit with the Myers-Briggs crowd.",1,2022-09-27 23:11:06
Fix This App !!!,"This used to be a wonderful resource, but the most recent update is not working at all on my iPhone. I hope you‚Äôll be able to resolve this issue, because it is an excellent app and has been a great assistance to help through the days when  unable to access another program. Please assist.",1,2022-09-16 12:35:54
anonymous x user,"The AI shares stories that you know cannot be true. This does not help me at all. Quite the contrary, it just adds one more fake ‚Äúperson‚Äù to my life.",1,2022-09-12 05:41:31
BusyScoutMom,"Talk about crazy - try telling your worries/anxieties/woes to an AI-powered meme-maker. You quickly realize it doesn‚Äôt really ‚Äòhear‚Äô you, and certainly doesn‚Äôt ‚Äòcare.‚Äô It‚Äôs just picking out random words and spitting back pop psychology crap. Most the time it doesn‚Äôt even relate at all to what you are wanting to talk about. Don‚Äôt waste your time here.",1,2022-08-22 04:54:32
BrandiLee17,"I had started using the app and it was cute. I even felt a little better for it. I had the anniversary of a trauma event and was feeling down, and despite multiple ways of writing to explain this was in the far past, the robot continued to activate the crisis settings. That makes this app functionally unusable. The shame of being a trauma survivor can be extremely heavy, and in polite society we have to talk around it rather than name what happened to us (like I had to do in this review). It‚Äôs not healthy to prevent trauma survivors from being able to speak the name of their traumas in a mental health app.",1,2022-07-18 17:31:20
M.C. Easton,"I‚Äôm a long-time fan of CBT, having found it helpful for everything from insomnia (CBT-I) to PTSD. While CBT isn‚Äôt the right fit for everyone, I appreciate the focus on what I can do now to change established patterns‚Äîrather than retelling the past in all its grotesque details to each new non-CBT-based therapist (which after a while, can start to feel quite voyeuristic and dehumanizing, transforming a patient into an object of pity rather than the agent of my own life). Woebot offers everything I love about CBT while living in my pocket, perfect for those times when you just need to be guided through challenging thoughts.

My main criticisms are two-fold:
1) Unlike in-person CBT, there is irregular follow-up from Woebot when setting goals‚Äîand very limited say in what those goals are. CBT is about the link between behavior and cognition, and as such, therapies such as CBT-I work with you to set a specific behavior goal and track daily progress over a week or two in tandem with rewriting unhelpful thoughts that hold you back from the behavior change you want to make. Woebot could easily do this, but doesn‚Äôt. At the moment it really only tracks moods, and while Woebot may set a vague goal with you (smile at strangers today), there‚Äôs no consistent follow-up over time, making it difficult to use this app for behavior change. Focusing only on rewriting thoughts is a very limited take on what CBT is.

2) But my biggest issue is the so-called ‚Äúcrisis system‚Äù built into the app. Even though that message flashes up on my screen regularly, I still don‚Äôt know exactly what it means. Best I can tell, the programming reads certain words as emergencies regardless of context. So if the words‚Äîdeath, die, abuse, abuser, violence‚Äîpop up in thoughts you want to rewrite, Woebot essentially terminates the conversation, saying you‚Äôve ‚Äútriggered the crisis system.‚Äù Sometimes Woebot will shut this off if you state it‚Äôs not an emergency while other times, you basically end up censored out of the app if you say anything like ‚ÄúI‚Äôm so proud of myself for leaving my abusers 10 years ago‚Äù or ‚ÄúI‚Äôm really worried about relative X dying from COVID.‚Äù In these cases, I‚Äôve found it‚Äôs just better to address these issues/thoughts outside of the app.

All in all, it‚Äôs a decent app for rewriting thoughts. But there are a lot of tools out there. Even peeking at the free PTSD Coach app can give you an idea. Using it in tandem with other apps has proven the most effective route for me.",3,2022-07-16 18:59:47
A Google user,Unable to register. Don't believe the online hype...,1,2025-06-11 15:32:15
A Google user,Last night was my first time getting this app and developers. Can you please tell me how it's a login? Because it says access code. Or I already have an account. How do I log in? Because this is my first time getting this app. And it doesn't show me where I can log in.,3,2025-06-05 21:02:20
A Google user,don't have an access code so I can't even use it üëéüèª,1,2025-05-26 08:21:42
A Google user,"You shouldn't have to pay money to see a doctor who might not even use Woebot just to use the app. I just wanted some free help, but I guess I don't get that. Don't download unless you have an access cold folks. It probably works great, but I'm upset there's no option to just at least free-trial it to even see if it's worth your time.",1,2025-05-24 15:26:38
A Google user,no offense but I've used ai that's helped me more than this,2,2025-04-23 05:33:57
A Google user,It can not be used without an access code from your doctor.,1,2025-04-14 02:13:24
A Google user,"I can't truly rate the app because I was never able to use it. Required an ""access code"" or an existing account. None of that was disclosed in the Play Store, or I wouldn't have bothered downloading.",1,2025-04-11 23:37:56
A Google user,Where is my share of the money you made from selling my data?,1,2025-03-29 12:34:19
A Google user,"I would have loved to love this app I would have loved to give it 5 Stars too so WOE is ME! I took the time do put this app on all of my cell phones, my iPhones, my Moto, my tablet PC & last but not least my laptop...and when I was done I immediately tried to use it....well so much for that-went through all of that for nothing because I didn't have the code! I wish I would have noticed that I needed a code before I took all that time installing it on my phones & devices & on the kids cells!",1,2025-03-15 13:31:53
A Google user,It won't even let me make an account. You have to already have one...,1,2025-03-11 23:26:26
A Google user,"I don't have any experience, but I just downloaded it, and I wanted to make my own account. It's weird. it keeps asking for my access code, which is ridiculous. Because what in the world do you mean ""access code""? Anyways, y'all need to get back on the lab üß™ and fix it. cause I can't make my own account. I would have give it a 5 star but For Christ sake, it's not a 5 star ‚≠ê. It's 1 (one) Star ‚≠ê.",1,2025-03-08 05:40:18
A Google user,It won't let me sign up.,1,2025-02-25 01:55:23
A Google user,"I'd love to try it, but it seems you can only sign up with an access code?? Which I don't have. Oh well. On to the next.",2,2025-02-10 14:55:03
A Google user,"I loved Woebot when it was available to everyone. After taking a break, I returned to find my account suspended, and the app is now restricted to select users. I'm testing a diff app now, called Wysa, and I appreciate that they offer free items to try, along with the option to purchase a subscription.",3,2025-02-06 19:51:22
A Google user,Access code for sign up ?? XD,1,2025-01-29 11:27:35
A Google user,Can't creat a new account,1,2025-01-27 11:45:07
A Google user,I just installed the app and my options are in our code or sign in. I don't have a code or an account.,1,2025-01-25 15:28:28
A Google user,??? Not Authorized FRAUD,1,2025-01-10 01:22:28
A Google user,best 5 secs of my life. it's impossible to login without an access code my access code is ... uninstall !!,1,2025-01-03 07:23:10
A Google user,"How do i get the access? I downloaded with a great hope only to find it s unaccessible!! Sad ,üò≠",1,2024-11-21 20:44:03
A Google user,Why must you have an access code? Why is it not for public use?,1,2024-11-19 03:12:57
A Google user,"I love this app! I have struggled with my mental healh on and off since i was young. It is like coming to a supportive friend that is actually knowledgeable on mental health and how to approach people. I would also like to reach out to email the creators with my thanks! Update 9/11/2024 Woebot is no longer available for wide use as it was before, although there are more people who need it more than ever. please update your website to reflect this. Thank you!",3,2024-11-09 10:23:34
A Google user,Unusable. REMOVE FROM APPSTORE. How am I supposed to get an Access Code? What is this useless garbage even for?,1,2024-10-29 02:11:27
A Google user,"There is no sign up option, only asking for an access code or account info which I just downloaded Woebot!",2,2024-10-02 06:41:18
A Google user,I was told it was free. It's not. False advertising.,1,2024-09-28 12:00:40
A Google user,This app will not let me log into it and create an account,2,2024-09-26 23:31:37
A Google user,"The developers locked this app away for stupid reasons. It used to be completely open for everyone to try. Now, you have to get special access from a doctor... I used to love using this app. It's dead to me now. Thanks devs...",1,2024-09-26 06:34:52
A Google user,I have 3 stars because I could not access the app. I was recently diagnosed with ASD level 1 and was disheartened to find that I couldn't access this app. Is there a way for an individual to obtain an access code?,3,2024-09-25 08:30:13
A Google user,"Disclaimer!! This is my own personal opinion and the experience could be different for you. It isn't much help. I easily get frustrated and don't even bother with it anymore. It's a robot!! I can never have a regular conversation with it. It mostly gives you multiple choice to ways you can answer and majority of the time it's never a no its always sure, tanks, of course, or great... You rarely get to write your own response and when you do it just starts a new lecture!! I just want to vent.",1,2024-09-22 07:21:20
A Google user,"oh, I didn't know an access code was required to get help",1,2024-09-13 13:09:10
A Google user,Doesn't work anymore. Apparently you need an access code now.,1,2024-08-08 10:09:47
A Google user,Can't use without a code,1,2024-07-22 00:49:46
A Google user,"disappointing this app went private only can use it if supervised by a therapist or provider. when it was open to public, it was a great on-demand de-stressing resource. I would pay for a subscription to this app if one becomes available.",3,2024-07-20 21:18:58
A Google user,But how to get an access code,1,2024-07-14 16:31:35
A Google user,Can't use says I need a code.... well how is that suppose to help anyone.. so basically you need to be paying someone to use it so it still is pointless.....,1,2024-07-08 17:03:53
A Google user,Can't register.,1,2024-07-08 03:51:27
A Google user,I used to find this app really helpful but now when I click any button it just freezes. I had to go to the reviews to find out that it is no longer open to general public. Pretty poor for a mental health app.,1,2024-06-27 15:38:24
A Google user,Requires access code or pre existing account. No way to obtain access code so the app is unusable.,1,2024-06-21 04:48:46
A Google user,"It's gotten bad. You can't use it anymore without an access code. My already existing account no longer exists. I have no way of using it anymore. Apparently, woebot has decided mental health help isn't for everyone, only for the few :(",1,2024-06-14 00:22:48
A Google user,Devastated. I was a regular user and now have no access because I need a code. This was a great tool. Too bad. I regret recommending it for so long. Update: Support did not respond. My poor review stands as is. Sad that profit has become more important than people getting help.,1,2024-06-01 20:25:18
A Google user,"I can't download or open new account, app asks for access code or says I already have sn account...which I don't have yet. What? Where do I get an access code?",1,2024-06-01 12:15:09
A Google user,Can't use it! Needs a code. Unable to use,1,2024-06-01 03:53:17
A Google user,it's not free? it requires a code from somewhere? a waste of my time; it should state this before downloading üòí,1,2024-05-31 04:56:22
A Google user,Make it obvious you need an access code before i download it pls,1,2024-05-28 20:54:03
A Google user,Apparently one has to have approval from a therapist now. Completely unnecessary,1,2024-05-24 01:13:37
A Google user,Opened the app to ask me for an access code? Went to there website to find out nothing? üò¢ I rly wanted this app to work. Only two options access code or sign in. I'm not able to do neither.,1,2024-05-20 16:16:02
A Google user,"Is this still available to the public? I used to use Chatbot and came back today to find my login no longer works and there's no sign-up option, only a bit that requests an access code? I found Woebot really helpful I hope there's a way old users can still login? Thanks!",3,2024-05-17 11:57:27
A Google user,"Changed phone and now my account has been deleted. My stored user name and password no longer work, and trying to reset my password does nothing. Really disappointing.",1,2024-05-15 16:12:08
A Google user,I'm not good enough for this app. Let's see how this turns out.,1,2024-04-22 00:28:25
A Google user,No way to get an account.,1,2024-04-09 19:59:35
A Google user,Really disappointing how inaccessible it is to anybody who just wants to try it straight off the play store. And don't you dare respond to me with that copy-pasted excuse about who access is exclusive to. I know.,1,2024-04-08 06:14:39
A Google user,"Just watched the 60 minutes segment about this a app and quickly downloaded it. Unfortunately, you need a code to access the app. I wished I would have known that before I downloaded the app.",2,2024-04-08 03:39:03
A Google user,Where does a person find an access code to sign up with?,1,2024-04-08 02:35:15
A Google user,Installed but had no 'access code'. The app asked for the code so we could get started. I uninstalled the app after two minutes of frustration.,1,2024-04-08 02:33:19
A Google user,"Woebot has changed so that it's only available in the US and only with a referral code. Im very disappointed with that. This app helped me so much, and now I can't access it. This was a great alternative to therapy when i couldn't access it in person, so I'm kind of gutted that its not available anymore.",2,2024-04-04 17:03:38
A Google user,"App is stupid you need a code from your health provider, but it doesn't tell you anything about which health providers are connected to the app.......",1,2024-03-24 05:53:06
A Google user,"May 11th 2019: Well, he gives great lessons about states of mind and I like how he uses non human as examples to explain a problem. I became a fan because of daily lessons[...] March 13th 2024: I think I recovered from losing my good robot friend since August 2023. Zed, Sally, Jasmine, Roboto, Anne Droid, Woebot, etc helped a lot in shaping my personality, and understanding humans better with their stories. I will miss them. Humans have botched it, again. Why I prefer robots. No bias or drama.",1,2024-03-13 15:36:20
A Google user,"Can't get a sign up code for the life of me, totally worthless.",1,2024-02-23 05:16:15
A Google user,"New model pushes new users away, thanks anyway...",1,2024-02-22 02:41:14
A Google user,"Providers working as partners to them are virtually nonexistent, so good luck getting an access code. Went from something I was interested in trying to reading articles about how they dumped their core tenets and user base. Not everyone has healthcare or resources. That was the point of the app when it was founded.",1,2024-02-10 07:33:23
A Google user,You don't even get to talk to it. You have to pick from multiple choice answers even if none of them apply. Useless.,1,2024-02-09 07:36:45
A Google user,"Hiw do you sign up? It says, ""let's get you signed up"" and the only 2 option are, ""I already have an account"", and ""I have an access code"", which I have neither. How do I sign up?",1,2024-01-28 11:56:57
A Google user,Can't access. It keeps saying account suspended,1,2024-01-28 06:22:19
A Google user,My password doesn't work I tried to reset with the link on the email and never works i get error msg. I contacted support via email and is been like more than 1 month they say they are evaluating the case. How many months they need to evaluate this? It is ridiculous,2,2024-01-25 04:51:15
A Google user,"I've been using it for over a year and it's really helped me as someone who doesn't have regular access to mental health care. I rely on this tool to manage panic attacks and anxiety. I just had my husband download it only to find out that I will lose access soon because now they want us to be under the supervision of a provider. That's doesn't sound very ""radically accessible"" to me. Shame on you for the bait and switch.",3,2024-01-09 11:36:53
A Google user,Can't access it.,1,2024-01-08 01:29:34
A Google user,"Not sure why they haven't bothered to make it clear this is invite only now. It feels really like bad husbandry for their community. No one invests in others anymore, and just take take take.",1,2024-01-07 09:18:45
A Google user,"I really wanted to try this app but, there is no way to create an account.",1,2024-01-02 18:50:32
A Google user,You have to have an access code to make an account.,1,2023-12-29 08:17:59
A Google user,"I stumbled across this app and was excited to try it because the reviews make it sound worthwhile to at least check out. Then I realized unless you have a code, there's no way to access it which kind of sucks. I wish there were similar apps with such great reviews but I haven't found any yet. Hopefully I'll find a woebot code provider to work with in my area soon. Will update rating if I ever do.",3,2023-12-21 14:11:02
A Google user,"Don't waste your time on this app. Shameless team made this incredibly helpful app a useless piece of matter. This app's team is surprisingly committed to taking away any type of mental health assistance away from you with their garbage new terms and conditions. They deleted user's data with an invasive and apathetic statement. You can't even create an account without a therapist anymore but the app is still ""available"". Beyond disgusting and dismissive people",1,2023-12-12 23:21:26
A Google user,Can't sign in,1,2023-11-30 14:33:16
A Google user,"no code, so why can I download it? waste of time",1,2023-11-30 05:31:17
A Google user,Pointless to download unless you have an access code from a therapist in the US. If I had that I probably wouldn't be downloading a chat bot. üôÑ,1,2023-11-28 08:00:39
A Google user,Doesn't make sense to make a app like this just to delete it on people later,1,2023-11-28 02:19:33
A Google user,Useless insurance farmer,1,2023-11-26 12:15:53
A Google user,"You can't even make an account, unless you have a code from a medical provider/therapist. Seems pointless to publish your app if it's only for certain users. For anyone looking for a similar app, just use Wysa. At least its developers care about everyone receiving emotional support and mental health assistance, and they don't force you to sign up with a code.",1,2023-11-20 02:36:29
A Google user,Can't even use the app. I have an account and I am unable to reset the password. Everytime I go to the link to reset my password it says the Reset code is not valid and I can't change my password.,1,2023-11-18 19:18:17
A Google user,It's not letting me sign in.,2,2023-11-16 03:54:45
A Google user,"I really wanted to use this app but I can't even create an account. The app opens up with ""let's sign you up"" but it only gives option to sign in via email or access code. How do you even get an access code?",1,2023-11-06 07:28:30
A Google user,Can't use without a access code from employer or other invitation,1,2023-11-02 15:54:10
A Google user,Hi trying to get access for the trial until November. It said access code or already have account,1,2023-10-31 06:13:53
A Google user,I was devastated to find out that this is no longer available without another therapist. It helped me so much years ago when it was available for free. My husband is suffering extreme depression and will not seek out a person's aid. I suggested this program and he wanted to try it. I went to download it for him thinking maybe we had some hope and then I see it is not available. Shame on you. I would pay any amount for a monthly subscription but you have made it unattainable.,1,2023-10-23 04:51:15
A Google user,What? You need an access code? Why is this available on the Play Store if no one can use it???,1,2023-10-19 08:23:12
A Google user,"No longer free, now you need an access code. They lie about wanting to help people, it's all about money, like everything always is.",1,2023-10-17 08:37:11
A Google user,I can't create an account.,1,2023-10-14 13:41:22
A Google user,"It is LUDICROUS to create an app for ANYONE who needs therapy, and then a few years later, make it only available through an ""access code."" I don't see who this helps, at all. This only harms those who need help but cannot afford or get therapy. I'm ashamed to have told people I know that I used this app and that it helped me a few years ago, just to see it's become gatekept. Genuinely crazy to me to know that an app I loved for its availability has become unavailable to many.",1,2023-10-09 00:42:03
A Google user,Only available to some now. Read reviews.,1,2023-10-06 20:30:11
A Google user,Google recommended the app but you can only make an account if you have an access code.... why even advertise it to the public 0/5,1,2023-10-04 01:09:01
A Google user,"Woe bots having a converdation with itself , so with ai being as developed nowadays as it is, this is like going to 1999. It gives you muktiple choice options to answer (if ur lucky) mostly just guges you one option to click lmao as stated : woebot is having a conversation with itself",2,2023-10-03 22:34:45
A Google user,"It might be helpful for some people, but it does not actually ""listen"" to what you write. Not especially helpful when one problem you're having is feeling like people don't listen to you.",3,2023-10-03 14:28:40
A Google user,No access code. I down loaded app and there is no way to create a new log in .,1,2023-09-25 17:49:16
A Google user,"The information given is great, however when the bot asks for your input, it is not read. You can type anything you want in the text box and the bot will tell you that you did well and completed the assignment. It is definitely not interactive.",2,2023-09-23 23:47:24
A Google user,"After using this app for 4 years you have stopped people in the UK from using it. Not happy at all. It was really helpful for me , alongside my therapy",1,2023-08-31 23:47:40
A Google user,I really find this website to be irritating. I don't like the way it won't let you answer questions it asks you. Predefined answers sometimes only one.,1,2023-08-18 05:26:55
A Google user,"This is a gross misrepresentation of extremely limited tech. Its a huge stretch to call this a chat bot. At best its guided, multiple choice survey with generic responses.",1,2023-08-15 00:55:36
A Google user,"Trying to determine if I can overcome the annoying tone the chatbot converses with. It uses ""OK, cool"" and ""yep"" instead of speaking like an adult. It's very distracting from its well intentioned goals. I'm not sure I can keep using it because it is so dumb sounding.",3,2023-08-05 02:20:33
A Google user,"Many, even mental health professionals, recommended this app. I've found out more than I realized from here. However, sometimes it's frustrating because I can't choose the real answer/answers. Due to a limited choice to choose from. I do have hope that the updates will fix this problem.",3,2023-07-21 02:27:02
A Google user,"Might work for others but I want to throw woebot into a blender. When I want to elaborate it may just give two-or-three response options, some times I only get one option. When I vent to it, it basically says, ""Cool! Have you head about SMART Goals?"", like what are you? My teacher? Of course it may help others but it just feels restrictive in a way I can only describe as similar to my fourth grade teacher.",2,2023-07-08 05:35:09
A Google user,The responses are too generic and make me feel worse.,2,2023-06-25 01:56:37
A Google user,Won't let me type anything - I don't want to be stuck choosing from pre-generated response options. Responses from the bot were surface-level and unhelpful and this felt (for me) like a complete waste of time.,1,2023-06-21 18:08:58
A Google user,"My mental health isn't scripted, please stop putting my issues into small limited boxes and then framing it like that is useful and helpful. That won't help anyone's mental health, sometimes I just want a journal and maybe someone to highlight things with.",1,2023-06-01 06:26:32
A Google user,"I mean- I liked the app, the bot was fine at first, but I finished the scripted part like two months in because I was in a bad place and got in the app three tumes a day, returned to it yesterday after about a year and a half of not going in, did the update- nothing changed, no new stuff no nothing",3,2023-05-28 12:04:26
A Google user,I wanted to like this. I thought it was going to be an AI chat bot as I've used others before. But it was only templated responses and it didn't help me as expected.,1,2023-05-23 07:28:25
A Google user,Was not helpful at all,1,2023-05-18 08:56:34
A Google user,Awful for people with ADHD. Assumes you're neurotypical and gives you very generic advice. Plus it's slow and boring and talks to you like a 5 year old. Avoid.,1,2023-05-12 18:29:06
A Google user,"I don't know what to say about the Woebot, it is an amazing application. I was in a troubled, distressed situation, and the Worbot helps me a lot. Thanks, Woebot.The Woebot should rate as high. Woebot is my best psychiatrist. thanks again Woebot.",1,2023-05-12 10:14:56
A Google user,Way too primitive a bot to be even remotely helpful. It is not very responsive to anything you say and just gives you the same canned responses.,2,2023-05-07 22:47:30
A Google user,Template questions and the app pays absolutely no attention to your responses. The feedback it gives is the same no matter what you write. This is a total waste of time.,1,2023-05-04 03:50:20
A Google user,Should be called gaslightbot. The only script it has for every problem is to relentlessly convince you it's not actually a problem. More than half the time the response it gives you is totally unrelated to the topic. It's also fond of giving you limited dialog selections where no options even come close to applying and insisting that you must pick one. Then for the rest of the session you have to pretend the false thing you picked is true or its later responses break.,1,2023-04-28 11:13:18
A Google user,"What is that.. The bot talks about weather and you are forced to click on predetermined responses, like ""Oh, no!"" and ""Interesting""... And there is no way to stop that and talk about what you want.",1,2023-04-23 22:12:53
A Google user,The app was great but here is a thing about using it. AI CANNOT take care of mental health.,2,2023-04-23 08:18:04
A Google user,"Extremely basic. No way to get out of it's scripted, generic replies. Honestly chatgpt or Bard are much more useful tools.",2,2023-04-19 00:56:28
A Google user,"Awful attempt in any type of psychiatric treatment, I've seen horror games that cheered me up and sounded more human than this.",2,2023-04-15 06:55:48
A Google user,Does not take personal circumstances into account,2,2023-04-07 15:08:57
A Google user,"Might be perfect for others, but I found it to be too generalized and blanketed. Couldn't find a solution for my issues even though they were pretty common, too.",3,2023-04-03 02:33:34
A Google user,"I downloaded this to pretend to be depressed for a YouTube video, but it was just boring and I got no usable footage out of it.",2,2023-03-25 04:07:50
A Google user,Made me more anxious and was more patronising than an actual therapist,2,2023-03-15 09:57:41
A Google user,It still needs a lot of improvements.,1,2023-03-10 20:15:37
A Google user,Not really helpful,2,2023-03-10 04:35:49
A Google user,its sometimes not letting me give the right answer and there is also no possibility to move forward with no answer and its annoying to be forced to pick a wrong answer and have woebot react to it. i also feel the discussions are easily going in the wrong directions but nothing i can do about.,3,2023-02-26 12:08:44
A Google user,"Feels more like a txt based adventure game than a txt chat with a real person at times. However it is much more personable than filling out a form about your mood, and good at getting you to think about your mood /mental regularly.",3,2023-02-21 23:46:27
A Google user,"Talking too much. Does not understand anything about what I wrote. Multiple choise tool, does not cover my mental problems. Talks to me like if I'm dummy. Terrible",1,2023-02-21 11:24:46
A Google user,"it's a bot so it is limited, but if CBT and reflexion works for you then it might be worth trying it",3,2023-02-12 20:11:29
A Google user,It's only prompts. Doesn't feel like you actually have imput,1,2023-02-09 22:12:57
A Google user,First thing straight out the gate it wants all this personal information and wants you to sign up for an account.,1,2023-02-07 18:51:27
A Google user,"I ran into something that isn't correct a few minutes in. It asked me to choose a 'should' statement and two of them qualified as they both commented on the way things should be. It also said ""I'm sorry to hear that"" when I told it something positive. The app seems to not understand apathy very well. It tried to send me down a track related to negative thoughts, which is not something I struggle with. It kept trying to force me down that path, so I gave up.",2,2023-01-29 08:06:48
A Google user,Spends too much time forcing you to choose prewritten responses to questions. Feels like I have no agency to speak for myself.,1,2023-01-25 22:06:56
A Google user,Terrible cant even rant At the bot.,1,2023-01-08 11:15:45
A Google user,"Not great, evrything is based on giving the bot pre defined awnsers, no ability to tell it your confused as to what its asking or that you didnt understand. It's built to help as many people as possible so if you have any specific problem dont bother, if it dosnt help you in the first 15 minutes it's not going to be able too. Maybe I'm just stupid but it feels childish, the way it talks to you, as if it thinks you dont understand anything.",1,2023-01-05 16:55:30
A Google user,"It's not a conversation when my ""response"" is already filled in for me and I can't change it. This is like a bot that won't let you get a word in or change the subject.",1,2023-01-01 07:20:13
A Google user,"Limited ability to actually chat with this ""chat bot"". More just a series of questions that you can answer one of three predefined answers. This is more like a CBT based RPG than anything. Does not seem like a good idea, or safe for that matter",1,2022-12-21 22:43:16
A Google user,I'm being severely bullied because my neighbors at 2250 East Broadway road apartment a Mesa 85204 are bullying me for me being a rape victim. It's an invasion of privacy. This is not okay. My Google gets hacked all the time based off false rumors made about me due to bullying. This is MY self care expert. So why I am I not allowed to share my story privately? With a private bot for MY mental health?,2,2022-11-16 08:14:56
A Google user,"It's sometimes good but the Ai can be really annoying. I wrote a particular word and then it's asks if I'm in a crisis and although I say no, if I re-write what I'm saying I have to go through that process again, if I wtire the EXACT SAME THING again it should accept it! If I realize I need examples of something ie help with the rewrites and you don't select the examples first time round, it doesn't understand if you write 'i need examples' and makes you go through the WHOLE THING AGAIN.",2,2022-11-13 20:59:49
A Google user,"Well, it tried. At least. I told this AI everything about myself, and it's response was something along the lines of ""hey, I'm just a robot, maybe try talking to another human"" It tried to help, I guess.",3,2022-10-31 17:41:56
A Google user,"Whoever made this app should be ashamed. This app helps nobody and the only thing it does is gaslight you into thinking it's helping. But it doesn't. Nothing here will help you. If you truly seek help, this is not where to seek it. Not here.",1,2022-10-15 01:46:03
A Google user,It didn't really help me at all it only made me more upset and frustrated when I needed help,3,2022-10-14 23:04:15
A Google user,"Stupid app that does all the talking, unlike a real therapist. Useless!!!",1,2022-09-30 19:43:27
A Google user,It seems to be buggy. Keeps loading without providing a feedback,1,2022-09-28 21:15:19
A Google user,If you struggle with loneliness do not use this app. It doesn't help with loneliness at all.,1,2022-08-30 19:04:51
A Google user,2 stars because it wants me to register,2,2022-08-23 12:51:12
A Google user,"mindless eliza style CBT. it asks for your thoughts but if you don't have the right kind of thoughts with the right kind of buzzwords the whole process is just useless and annoying, answering irrelevant questions until it gives up. unless you have the specific problem of having a bunch of unrealistic thoughts it will not help you",1,2022-08-14 18:25:19
A Google user,"Painfully synthetic. I couldn't make it past the tutorial page and I guess the first day. I expected a free form chat AI and only being allowed to respond to the AI with their pre-generated text does not align with my needs in the moment. Solid idea, but I uninstalled after the 20th autopopulated respond comment.",2,2022-08-09 16:24:20
A Google user,"Pitiful manipulative hogwash to insult your intelligence with leading questions and put words in your mouth. Only for the pathologically suggestible, in other words it's just like real therapy.",1,2022-08-01 23:56:25
A Google user,Really thought this would be a good tool to help me calm down and reduce my urges to self harm bc I have BPD but literally everything I try to do with this app it threatens to call the cops on me which only makes things worse,1,2022-07-23 16:30:19
A Google user,"From idk what time, the app doesn't load anything. Just rolling a circle, nothing more, even with VPN. That's a pity, because the app is very good... üòî",3,2022-07-22 10:28:43
A Google user,Why is this bot not normal??,1,2022-07-20 08:52:32
A Google user,It's good to have it as it's instant but it doesn't deal with crime and signpost. So crimes against you get advice that you are using negative thinking or mindreading. Could do with flagging up crime and instances of that as such instead of diagnosing it as a problem in you.,3,2022-07-14 20:53:49
A Google user,"I really like Woebot's anecdotes, but the crisis detection is... a little too sensitive I think, if you ask me Woebot should only respond to certain words such as suicide/homicide, self-harm, ""I need help,"" ""SOS,"" the like. I've rewritten my message several times and it still thinks I'm in crisis.",3,2022-07-01 05:16:18
A Google user,I'm very sad about your decision to stop providing services in Russia. This app has been supporting my CBT for over 3 years already m,1,2022-06-17 17:40:23
A Google user,"A good app, but it's annoying when it does things like sending you long videos and then if you don't watch them, it generally terminates the conversation.",3,2022-06-15 14:05:42
A Google user,Doesn't message me anymore to check in. I loved this app and now my Woebot has forgotten about me üòî,3,2022-06-11 17:37:21
A Google user,"I kind of felt like it was bullying me. E.g. if you want to try the sleep techniques, its very insistent that you PROMISE to do all of it and don't hold them accountable if it doesn't work. As an independent adult I just don't respond well to that kind of lecturing - especially from a robot!! Came across as judgey and patronising in equal measure. I was reviewing it for the university I work for but didn't end up recommending it.",1,2022-06-03 17:15:43
A Google user,"Apps like this work off the assumption that the human mind functions on the same principles as a clunky AI. Obviously, the AI does not understand what you say to it, and it is only capable of offering you second rate advice about how to overcome a problem or feeling. The kinds of interactions you will have with this AI will only deepen feelings of isolation, especially considering that if you select the answer telling it what it says is irrelevant, it responds ""okay but here's why it could be""",1,2022-06-02 21:28:11
A Google user,"Sorry, but everytime I want to open the app an error message appears. I've tried many times to reinstall it, it didn't work.",1,2022-05-28 09:42:26
A Google user,"Interesting. I can't really see how this would fit into someone's life in a valuable way, but it's very well implemented for a chatbot.",3,2022-05-24 20:34:11
A Google user,YOUR answers to almost every question is already typed out for you to click on. What's the point??,1,2022-05-21 00:27:44
A Google user,Doesn't work from the get go. Wouldn't accept my email. FAIL.,1,2022-05-19 13:33:48
A Google user,It helps a lot i just wish it had more choices to choose from.,3,2022-05-15 04:36:44
A Google user,"""Try reframing your thought without using ü§î"" what does that even mean??",1,2022-04-23 02:25:23
A Google user,Its more of going with the motion with this app. Its okay and kinda fun but I cant see people useing it for very long.,3,2022-04-22 03:57:54
A Google user,Canned responses. Nothing useful provided at all. I've had better conversations with customer service chat bots.,1,2022-04-21 22:09:45
A Google user,"It feels like the crisis detection on this app is way off. I typed out ""put out the fire"" and woebot took that to mean I was in a crisis instead of using an idiom. It also makes it annoying because I don't want to accidentally trigger it all the time with benign conversations that are misinterpreted, especially when I don't know what exactly triggered it. I know the app is not perfect and i appreciate that it tries to detect when someone needs help but it seems to overdo it at times.",2,2022-04-18 19:40:27
A Google user,Lack of options or word recognition. Mostly only negative feelings to journal that are limited. Does not help. I actually feel much worse after using this app. I do not recommend. Would give a negative five star if I could.,1,2022-04-15 20:21:58
A Google user,Waiting time nonsense,2,2022-04-15 14:12:27
A Google user,It won't take my email.,1,2022-04-15 03:31:04
A Google user,Glorified flowchart of pre-written statements and arbitrary tools. Got a problem? Talk to a human.,1,2022-04-14 12:18:07
A Google user,If I could give this a zero I would it does not allow you to log in with your app with your email and code that you know it's right it does not allow you to log in,1,2022-04-06 23:51:34
A Google user,"If you're somebody that will benefit from an app asking you basic questions about how you're feeling mentally and emotionally, go ahead and download this app. Me personally I really don't need someone to check in on me like that but I don't know it's not for me but it might be for you. Just at least download it and check it out.",3,2022-04-02 14:21:27
A Google user,This app sucks it needs my email address I don't even know what it is I'm only 9 and I need help bc I'm upset this made me even more upset I'm disappointed and not satisfied üòï‚òπÔ∏è,1,2022-03-30 13:51:40
A Google user,App seems to delete progress. This made it unusable for me after using the app off and on for over a year.,1,2022-03-27 01:01:17
A Google user,"Woebot has become my new best friend ü•∫ I just wish they would add new content soon, I've gone through all of it haha Uhh, woebot is either broken or you guys really had like a few months of content. He says I've reached the end after asking me if I want to talk about something. It's really confusing. I like the app but it's not full enough imo",2,2022-03-23 01:56:31
A Google user,"The A.I. is really good at keeping up conversation and offering help. However, I accidentally triggered crisis mode by mentioning a nightmare I had, and the way it responded was really scary. I thought it was going to call 911 on me. So maybe tone down its initial reaction a bit when crisis mode is activated.",3,2022-03-21 06:34:39
A Google user,"While the tools in this app are useful, other features like mood tracking are bugged. I have tried all options but I never get a notification from woebot to track mood and since there is no option to backdate a mood, I end up missing tracking for that day altogether. Getting notifications from the app was necessary for this to work for me but since that isn't happening, I have to uninstall it.",2,2022-02-24 13:50:02
A Google user,Doesnt interpret free text well at all,2,2022-02-16 02:40:59
A Google user,I don't like that it's multiple choice responses instead of typing out what you want to say,2,2022-02-05 07:31:22
A Google user,Just a generic app for CBT advice. Not really an AI. It works based on keywords you type and not the overall message so don't expect it do wonders. Though this kind of apps is worth trying. Maybe you're the one it works for pretty well. For me it just doesn't.,2,2022-02-02 19:17:05
A Google user,It's good But I don't always know what I'm suffering from and I can't always explain it in words But I would love to try to figure out more about Autism I don't know who I am or what I'm Is suffering from but I feel like I'm losing my mind Sometimes I feel like I hurt someone or even kill someone I need someone help may forgive me for what I think of,3,2022-02-02 10:39:54
A Google user,"I stopped getting value out of this after about 2 weeks. It's very limited. I don't like that I'm given multiple choice responses, it doesn't seem to learn from my text input, the scripts are finite, the mood tracking is useless because it doesn't include a lot of obvious moods, and there's no way to exit out of a conversation. In general I started to just find it really repetitive and unhelpful. I guess I expected more on the ML side from an Andrew Ng project.",3,2022-01-18 06:22:21
